Site,Location,Borough
BQ9,Slade Green ,Bexley
BL0,Bloomsbury,Camden
BT4,Brent-Ikea,Barnet
CD9,Euston Road,Camden
BY7,Swiss Cottage,Camden
CD1,Harwood Avenue,Bromley
CT2,Farringdon Street,City of London
CT3,The Aldgate School,City of London
CR8,Norbury Manor,Croydon
GN0,Burrage Grove,Greenwich
GR4,Eltham,Greenwich
GB0,Falconwood,Bexley
GN6,John Harrison Way,Greenwich
GN3,Plumstead High Street,Greenwich
GR9,Westhorne Avenue,Greenwich
HV1,Havering - Rainham,Havering
LH0,Hillingdon - Harlington,Hillingdon
KC1,North Ken,Kensington and Chelsea
LW5,Deptford,Lewisham
HP1,Honor Oak Park,Lewisham
LW2,New Cross,Lewisham
TD5,Bushy Park,Richmond
NM2,Cam Road,Newham
NM3 ,Wren Close,Newham
RD0,Reading NewTown,Reading
RB7,Redbridge Ley Street,Redbridge
SK9,Old Kent Road,Southwark
SK6,Elephant and Castle,Southwark
SKA,Lower Road,Southwark
TH4,Blackwall,Tower Hamlets
SK8,Tower Bridge Road,Southwark
SKB,Vicarage Grove,Southwark
ST5,Beddington Lane north,Sutton
TK9,Tilbury,Thurrock
TK3,Stanford-le-Hope,Thurrock
WMD,Elizabeth Bridge,Westminster
WM0,Horseferry Road,Westminster
MY7,Marylebone Road,Westminster